"VIN","Import Certificate Number"
"5YJXCCE27JF093619","H22180151487"
"5YJXCCE21JF097620","H02180148399"
"5YJXCCE25JF096826","H02180148296"
"5YJXCCE26JF097015","H02180141629"
"5YJXCCE26JF097967","H02180148262"
"5YJXCCE2XJF098216","H02180148377"
"5YJXCCE20JF099486","H02180148807"
"5YJXCCE28JF099400","H02180148686"
"5YJSA7E21JF256269","H02180141865"
"5YJSA7E25JF256355","H02180148170"
"5YJSA7E26JF241735","H22180078548"
"5YJXCCE27JF099016","H02180148472"
"5YJXCCE25JF099127","H02180148535"
"5YJXCCE20JF099133","H02180148545"
"5YJXCCE28JF099414","H02180148517"
"5YJXCCE25JF095952","H22180151385"
"5YJSA7E25JF255187","H02180142335"
"5YJSA7E2XJF256559","H02180141931"
"5YJXCCE25JF095983","H22180151265"
"5YJXCCE20JF099262","H02180144137"
"5YJSA7E23JF255589","H02180142009"
"5YJSA7E2XJF256464","H02180141817"
"5YJSA7E20JF255596","H02180141946"
"5YJXCCE27JF097668","H02180141679"
"5YJXCCE21JF097830","H02180141687"
"5YJXCCE24JF095960","H22180150432"
"5YJSA7E27JF256504","H02180141815"
"5YJSA7E25JF256548","H02180141820"
"5YJSA7E2XJF256481","H02180141747"
"5YJXCCE24JF099216","H02180141508"
"5YJXCCE26JF097547","H02180140728"
"5YJXCCE26JF098407","H02180148548"
"5YJXCCE27JF095922","H02180141035"
"5YJSA7E26JF255683","H02180141980"
"5YJXCCE21JF095981","H22180151388"
"5YJSA7E26JF255179","H02180143851"
"5YJXCCE20JF097754","H02180140985"
"5YJSA7E25JF255254","H02180142331"
"5YJXCCE2XJF095123","H22180151362"
"5YJXCCE2XJF098359","H02180141152"
"5YJSA7E22JF255678","H02180141916"
"5YJSA7E29JF255600","H02180141872"
"5YJXCCE29JF099261","H22180150329"
"5YJXCCE23JF095111","H22180151361"
"5YJXCCE29JF098921","H02180144158"
"5YJSA7E21JF255624","H02180141999"
"5YJSA7E29JF256178","H22180152408"
"5YJSA7E2XJF255671","H02180141932"
"5YJXCCE22JF098355","H02180141150"
"5YJSA7E2XJF256285","H02180142183"
"5YJXCCE23JF099076","H02180148560"
"5YJSA7E23JF255690","H02180141965"
"5YJSA7E22JF255681","H02180143764"
"5YJXCCE29JF097641","H02180141011"
"5YJSA7E26JF255182","H02180142333"
"5YJSA7E28JF251473","H22180152555"
"5YJXCCE27JF096004","H02180144256"
"5YJXCCE22JF094175","H22180150405"
"5YJXCCE25JF094106","H22180151449"
"5YJXCCE27JF098366","H02180148529"
"5YJXCCE25JF096079","H02180141220"
"5YJSA7E26JF255733","H02180141951"
"5YJXCCE27JF098254","H02180148222"
"5YJXCCE24JF098244","H02180148211"
"5YJXCCE27JF098271","H02180148277"
"5YJXCCE24JF098308","H02180148241"
"5YJXCCE29JF099406","H02180148409"
"5YJXCCE20JF099603","H02180148761"
"5YJXCCE26JF098620","H02180148782"
"5YJXCCE2XJF094280","H22180151336"
"5YJSA7E21JF255980","H02180141828"
"5YJXCCE2XJF095672","H02180141233"
"5YJXCCE21JF094703","H22180151061"
"5YJXCCE22JF098310","H02180148289"
"5YJXCCE26JF097709","H02180141620"
"5YJXCCE22JF097710","H02180140880"
"5YJXCCE28JF098862","H02180141052"
"5YJSA7E23JF255513","H22180150683"
"5YJSA7E26JF252945","H22180150783"
"5YJSA7E24HF223406","H22170385427"
"5YJSA7E20JF255582","H02180141989"
"5YJXCCE25JF098298","H02180148284"
"5YJXCCE28JF096738","H02180148213"
"5YJXCCE22JF096539","H02180141349"
"5YJXCCE24JF098731","H02180148356"
"5YJXCCE28JF097484","H22180151243"
"5YJXCCE26JF098987","H02180148493"
"5YJXCCE23JF099160","H02180144234"
"5YJXCCE27JF098416","H02180140842"
"5YJXCCE24JF099278","H02180148471"
"5YJXCCE27JF098612","H02180148361"
"5YJSA7E25JF253875","H02180142263"
"5YJXCCE25JF095692","H02180144062"
"5YJXCCE24JF099006","H02180148653"
"5YJSA7E29JF255239","H02180142385"
"5YJSA7E26GF164714","H02160298144"
"5YJXCCE27JF099047","H02180148455"
"5YJSA7E29JF255256","H02180142191"
"5YJSA7E21JF256580","H02180143871"
"5YJSA7E20JF256179","H22180152409"
"5YJSA7E2XJF255296","H02180142356"
"5YJXCCE29JF097817","H02180141606"
"5YJSA7E27JF255711","H02180142040"
"5YJSA7E25JF255500","H22180152551"
"5YJXCCE2XJF083781","H22180048313"
"5YJSA7E48JF256027","H22180150458"
"5YJXCCE25JF097667","H02180144162"
"5YJSA7E22JF255406","H22180152569"
"5YJXCCE20JF086267","H22180077819"
"5YJSA7E28JF255345","H02180142348"
"5YJXCCE24JF095876","H22180150438"
"5YJXCCE26JF095975","H22180150445"
"5YJXCCE24JF095974","H22180151392"
"5YJSA7E2XJF252947","H02180142221"
"5YJXCCE24JF095117","H22180151379"
"5YJXCCE22JF098761","H02180141494"
"5YJXCCE22JF097478","H02180140736"
"5YJSA7E25JF256405","H02180143883"
"5YJXCCE23JF081693","H02180075335"
"5YJSA7E20JF241911","H22180078522"
"5YJXCCE21JF098945","H02180148622"
"5YJSA7E20JF242301","H22180078577"
"5YJSA7E23JF255382","H02180148177"
"5YJXCCE24JF097482","H02180141513"
"5YJSA7E21JF255302","H02180141836"
"5YJXCCE23JF094248","H22180151419"
"5YJSA7E25JF255612","H02180143762"
"5YJXCCE28JF095010","H22180150446"
"5YJXCCE22JF098954","H02180148661"
"5YJSA7H22FF091755","H22150221730"
"5YJSA7E28JF255698","H02180141909"
"5YJXCCE24JF098910","H02180141127"
"5YJSA7E27JF255269","H02180141806"
"5YJSA7E28JF255782","H02180143799"
"5YJSA7E21JF256093","H02180143735"
"5YJSA7E21JF255610","H02180141891"
"5YJXCCE49JF099617","H02180148827"
"5YJXCCE47JF099616","H02180141347"
"5YJSA7E27JF255630","H02180143763"
"5YJSA7E28JF255278","H02180142375"
"5YJXCCE29JF098613","H02180148362"
"5YJXCCE28JF097694","H02180141124"
"5YJSA7E28JF256284","H02180142153"
"5YJXCCE2XJF096529","H02180140796"
"5YJXCCE20JF097088","H02180148279"
"5YJXCCE21JF098220","H02180148418"
"5YJXCCE28JF098179","H02180148809"
"5YJXCCE25JF094025","H02180148295"
"5YJXCCE21JF100421","H02180148251"
"5YJXCCE2XJF095851","H22180150555"
"5YJXCCE22JF094337","H22180152735"
"5YJXCCE23JF086067","H22180091600"
"5YJXCCE2XJF098409","H02180141077"
"5YJXCCE22JF098999","H02180143998"
"5YJXCCE22JF095035","H02180148278"
"5YJSA7E21JF255476","H02180142402"
"5YJSA7E26JF255540","H02180143768"
"5YJSA7E21JF254117","H02180142002"
"5YJXCCE27JF098643","H02180140733"
"5YJSA7E20JF241648","H22180091535"
"5YJSA7E20JF234859","H22180036546"
"5YJXCCE23JF098638","H02180144195"
"5YJXCCE29JF099437","H02180148236"
"5YJXCCE23JF099000","H02180148470"
"5YJSA7E26JF253836","H22180152394"
"5YJSA7E23JF252854","H22180150781"
"5YJSA7E23JF255883","H02180142457"
"5YJSA7E21JF253856","H22180150720"
"5YJSA7E21JF256353","H02180142415"
"5YJSA7E20JF253847","H02180141701"
"5YJXCCE26JF098844","H02180144105"
"5YJXCCE27JF097685","H02180148569"
"5YJSA7E29JF251479","H22180152665"
"5YJXCCE21JF098394","H02180148583"
"5YJSA7E22JF255972","H22180150801"
"5YJXCCE27JF098819","H02180141518"
"5YJSA7E25JF255853","H02180142230"
"5YJXCCE21JF095690","H02180148586"
"5YJXCCE26JF097502","H02180141029"
"5YJXCCE25JF098351","H02180144210"
"5YJSA7E20JF252861","H22180152252"
"5YJXCCE28JF099056","H02180140845"
"5YJXCCE45JF098917","H02180141346"
"5YJSA7E27JF256423","H02180142048"
"5YJXCCE27JF099310","H02180144223"
"5YJXCCE24JF097739","H02180141602"
"5YJXCCE27JF095970","H22180150426"
"5YJXCCE27JF097539","H02180140729"
"5YJSA7E27JF255823","H02180142090"
"5YJXCCE24JF096879","H02180148395"
"5YJSA7E27JF256583","H02180141757"
"5YJXCCE24JF097689","H02180141040"
"5YJSA7E20JF255419","H02180142418"
"5YJXCCE22JF097755","H02180144057"
"5YJXCCE26JF098391","H02180148534"
"5YJSA7E26JF242352","H52180071882"
"5YJXCCE24JF099099","H02180144150"
"5YJSA7E20JF256506","H02180141812"
"5YJSA7E23JF255592","H02180141936"
"5YJSA7E29JF255807","H02180142141"
"5YJSA7E21JF256420","H02180142321"
"5YJSA7E26JF256011","H02180148186"
"5YJXCCE28JF094925","H22180150401"
"5YJSA7E26JF255294","H02180148162"
"5YJXCCE29JF097820","H02180140983"
"5YJXCCE26JF098343","H02180140719"
"5YJXCCE27JF099095","H02180148655"
"5YJSA7E2XJF256156","H02180142266"
"5YJXCCE2XJF098961","H02180148671"
"5YJXCCE26JF097760","H02180140948"
"5YJSA7E26JF253870","H02180142357"
"5YJSA7E2XJF255301","H02180142388"
"5YJXCCE23JF094900","H22180151327"
"5YJSA7E25JF251480","H22180152661"
"5YJXCCE2XJF095882","H22180151364"
"5YJSA7E2XJF254861","H02180142199"
"5YJSA7E21JF255722","H02180143775"
"5YJSA7E2XJF255587","H02180143772"
"5YJXCCE21JF098377","H02180144035"
"5YJXCCE28JF098683","H02180141318"
"5YJXCCE24JF097661","H02180148635"
"5YJXCCE25JF095871","H22180151367"
"5YJSA7E28JF256141","H02180142163"
"5YJXCCE27JF094947","H02180140923"
"5YJSA7E29JF256407","H02180142311"
"5YJXCCE20JF097544","H02180141497"
"5YJSA7E2XJF251989","H22180152599"
"5YJXCCE29JF098479","H02180141013"
"5YJXCCE27JF098383","H02180140988"
"5YJXCCE29JF095954","H22180151384"
"5YJXCCE25JF088953","H22180151192"
"5YJSA7E21JF255638","H02180142030"
"5YJSA7E23JF255608","H02180141895"
"5YJSA7E28JF256396","H02180143715"
"5YJSA7E29JF255631","H02180143758"
"5YJXCCE41JF099627","H02180148389"
"5YJXCCE20JF099083","H02180140996"
"5YJXCCE24JF098387","H02180144058"
"5YJXCCE27JF094155","H22180151220"
"5YJSA7E21JF255848","H02180142250"
"5YJXCCE26JF099489","H02180148396"
"5YJSA7E2XJF255847","H02180148144"
"5YJXCCE2XJF099074","H02180140986"
"5YJSA7E24JF253866","H02180141822"
"5YJSA7E23JF255723","H02180141878"
"5YJSA7E28JF255412","H02180143727"
"5YJSA7E27JF252839","H22180152123"
"5YJSA7E25JF238356","H22180077711"
"5YJSA7E20JF255338","H02180142371"
"5YJXCCE21JF098010","H02180148403"
"5YJSA7E26JF256008","H02180141713"
"5YJXCCE28JF099039","H02180148456"
"5YJSA7E25JF254203","H02180148150"
"5YJXCCE22JF098923","H02180141057"
"5YJSA7E23JF252949","H22180152320"
"5YJXCCE26JF095877","H02180140968"
"5YJSA7E26JF255618","H02180143766"
"5YJXCCE27JF097203","H02180148378"
"5YJXCCE27JF099002","H02180148593"
"5YJXCCE25JF097653","H02180141070"
"5YJXCCE29JF097753","H02180140982"
"5YJSA7E21JF255672","H02180141941"
"5YJXCCE29JF098398","H02180140941"
"5YJSA7E20JF255789","H02180143813"
"5YJXCCE23JF098378","H22180151393"
"5YJXCCE25JF097829","H02180148670"
"5YJSA7E26JF249267","H22180152096"
"5YJXCCE48JF095171","H22180151072"
"5YJXCCE20JF097138","H02180148467"
"5YJXCCE24JF099474","H22180151317"
"5YJXCCE20JF098533","H22180151077"
"5YJSA7E28JF251439","H22180127256"
"5YJSA7E23JF251283","H22180152074"
"5YJXCCE26JF097855","H02180141675"
"5YJSA7E28JF251327","H22180152454"
"5YJSA7E21JF253890","H22180150797"
"5YJXCCE20JF098905","H02180148656"
"5YJXCCE2XJF098829","H02180148632"
"5YJXCCE23JF098963","H02180148599"
"5YJSA7E27JF256292","H02180141700"
"5YJXCCE23JF095884","H22180151375"
"5YJSA7E2XJF241950","H02180089745"
"5YJXCCE2XJF097499","H02180141644"
"5YJSA7E28JF255877","H02180142272"
"5YJXCCE21JF097651","H02180141033"
"5YJXCCE25JF100342","H02180148221"
"5YJXCCE29JF077549","H02180040009"
"5YJSA7E20JF255629","H02180143785"
"5YJSA7E29JF237503","H02180056504"
"5YJSA7E2XJF251393","H22180152474"
"5YJXCCE21JF099285","H02180140972"
"5YJXCCE20JF098368","H02180140936"
"5YJXCCE20JF095857","H02180148695"
"5YJSA7E2XJF255640","H02180143759"
"5YJSA7E28JF255703","H02180142032"
"5YJSA7E26JF255778","H02180148115"
"5YJSA7E24JF255214","H02180143854"
"5YJXCCE27JF095872","H02180144034"
"5YJXCCE23JF087283","H22180077895"
"5YJXCCE27JF096424","H02180148223"
"5YJSA7E25JF256324","H02180148096"
"5YJXCCE29JF098661","H02180141451"
"5YJSA7E29JF255290","H02180142308"
"5YJXCCE28JF098988","H02180148474"
"5YJXCCE20JF099035","H02180148621"
"5YJXCCE27JF095886","H22180151366"
"5YJSA7E2XJF256626","H22180152417"
"5YJXCCE2XJF097700","H02180141065"
"5YJXCCE21JF099271","H02180141085"
"5YJXCCE2XJF097650","H02180144101"
"5YJXCCE2XJF099298","H02180148579"
"5YJXCCE22JF098906","H02180148566"
"5YJXCCE2XJF098653","H02180148616"
"5YJXCCE21JF098959","H02180141058"
"5YJSA7E22JF255647","H02180143757"
"5YJXCCE28JF098019","H02180148533"
"5YJXCCE28JF098957","H02180148663"
"5YJXCCE20JF095907","H22180151437"
"5YJXCCE28JF098943","H02180148571"
"5YJXCCE28JF083732","H02180075370"
"5YJSA7E21JF255767","H02180143803"
"5YJSA7E2XJF255735","H02180143756"
"5YJSA7E24JF252863","H22180152260"
"5YJXCCE2XJF097664","H02180144074"
"5YJSA7E27JF255207","H02180141756"
"5YJXCCE27JF099274","H02180141051"
"5YJXCCE29JF098241","H02180148422"
"5YJXCCE26JF098911","H02180141097"
"5YJSA7E28JF255636","H02180148094"
"5YJSA7E24JF240471","H22180091534"
"5YJSA7E2XJF255637","H02180141869"
"5YJXCCE21JF098363","H02180144060"
"5YJXCCE26JF097757","H02180140967"
"5YJXCCE28JF098344","H02180141151"
"5YJSA7E28JF256477","H02180143832"
"5YJXCCE25JF092436","H22180127425"
"5YJXCCE22JF097500","H02180140924"
"5YJSA7E28JF255524","H02180142481"
"5YJSA7E24JF255441","H02180142397"
"5YJXCCE21JF097147","H02180148520"
"5YJXCCE25JF080710","H22180048027"
"5YJSA7E26HF230034","H02180025109"
"5YJXCCE23JF098381","H02180141651"
"5YJXCCE21JF099061","H02180148543"
"5YJSA7E24JF255424","H02180148196"
"5YJXCCE23JF095688","H02180140922"
"5YJXCCE26JF098200","H02180148776"
"5YJXCCE25JF098365","H02180144037"
"5YJSA7E21JF255350","H02180143828"
"5YJSA7E22JF253848","H02180141739"
"5YJSA7E29JF255838","H02180142067"
"5YJSA7E29JF256679","H02180142344"
"5YJXCCE21JF096614","H02180148305"
"5YJXCCE28JF094097","H22180151430"
"5YJXCCE25JF098429","H02180141432"
"5YJXCCE23JF098865","H02180144118"
"5YJSA7E20JF255355","H02180148207"
"5YJSA7E25JF255707","H22180152139"
"5YJXCCE25JF099094","H02180148612"
"5YJSA7E23JF255821","H02180142044"
"5YJXCCE25JF098480","H02180141521"
"5YJXCCE27JF098934","H02180148667"
"5YJXCCE20JF099066","H02180140980"
"5YJSA7E24JF255861","H02180142224"
"5YJXCCE23JF095013","H22180150411"
"5YJXCCE22JF098940","H02180141008"
"5YJXCCE29JF095937","H02180140906"
"5YJXCCE2XJF098930","H02180141006"
"5YJSA7E28JF255183","H22180150912"
"5YJSA7E26JF255876","H02180142274"
"5YJXCCE28JF094908","H22180151325"
"5YJXCCE25JF098379","H02180140975"
"5YJSA7E21HF223587","H22170421692"
"5YJSA7E28JF253868","H02180142354"
"5YJXCCE23JF095948","H22180151404"
"5YJXCCE29JF092441","H22180151039"
"5YJSA7E27JF256194","H02180142146"
"5YJXCCE25JF099287","H02180148556"
"5YJSA7E21JF253887","H22180150893"
"5YJXCCE22JF099084","H02180148536"
"5YJSA7E29JF256147","H02180142244"
"5YJSA7E23JF255849","H02180142243"
"5YJSA7E27JF241954","H22180078585"
"5YJXCCE20JF097723","H02180140999"
"5YJXCCE27JF095127","H22180151356"
"5YJXCCE40JF099618","H02180141345"
"5YJXCCE26JF098942","H02180148673"
"5YJXCCE46JF095704","H02180141379"
"5YJSA7E21JF255915","H02180141767"
"5YJSA7E24HF216195","H22170421785"
"5YJSA7E28JF255863","H02180142264"
"5YJSA7E28JF255829","H02180142114"
"5YJXCCE27JF098240","H02180148290"
"5YJXCCE25JF098513","H02180141322"
"5YJXCCE27JF099064","H02180144050"
"5YJXCCE26JF098858","H02180144120"
"5YJXCCE21JF098623","H02180144255"
"5YJXCCE25JF099046","H02180143975"
"5YJXCCE20JF098953","H02180144077"
"5YJXCCE20JF094935","H22180151249"
"5YJSA7E27JF255966","H02180142164"
"5YJSA7E21JF256174","H22180152406"
"5YJSA7E26JF240360","H52180071876"
"5YJXCCE28JF099137","H02180141501"
"5YJXCCE24JF097840","H02180141022"
"5YJSA7E2XJF255654","H02180141995"
"5YJSA7E24JF255651","H02180148086"
"5YJXCCE24JF097854","H02180141104"
"5YJXCCE25JF099077","H02180148531"
"5YJXCCE27JF099159","H02180144091"
"5YJXCCE23JF094928","H22180151328"
"5YJSA7E2XJF255248","H02180143852"
"5YJXCCE24JF099085","H02180148553"
"5YJSA7E22JF256569","H02180142476"
"5YJXCCE2XJF099284","H02180140970"
"5YJSA7E23JF240381","H22180078581"
"5YJXCCE2XJF098362","H02180140928"
"5YJXCCE24JF099071","H02180140974"
"5YJXCCE22JF098369","H02180140952"
"5YJSA7E25JF255383","H02180142406"
"5YJSA7E24JF255620","H02180143774"
"5YJSA7E27JF255398","H02180148181"
"5YJSA7E27JF255854","H02180142269"
"5YJSA7E26JF256607","H22180150885"
"5YJSA7E26JF256039","H02180141780"
"5YJXCCE2XHF036065","H02170064482"
"5YJSA7E25JF256498","H02180141804"
"5YJSA7E23JF256340","H02180142398"
"5YJSA7E27JF255692","H02180141963"
"5YJSA7E21JF251315","H22180152436"
"5YJSA7E24JF255309","H02180143705"
"5YJSA7E25JF241659","H22180091537"
"5YJXCCE27JF094110","H22180151450"
"5YJSA7E28JF235726","H02180056419"
"5YJXCCE23JF094427","H22180152823"
"5YJXCCE26JF099461","H02180163073"
"5YJXCCE28JF098750","H02180148708"
"5YJXCCE26JF095913","H02180141047"
"5YJXCCE29JF099194","H02180141099"
"5YJXCCE22JF098422","H02180141609"
"5YJSA7E28JF241655","H22180091524"
"5YJSA7E2XJF237994","H22180077734"
"5YJXCCE26JF099265","H02180148381"
"5YJXCCE28JF098974","H02180148486"
"5YJSA7E20JF256585","H02180143862"
"5YJXCCE26JF099038","H02180143972"
"5YJSA7E22JF256586","H02180141762"
"5YJXCCE29JF097686","H02180141088"
"5YJXCCE2XJF097843","H02180148647"
"5YJXCCE21JF099075","H02180144066"
"5YJSA7E25JF256601","H02180141824"
"5YJXCCE22JF099151","H22180151126"
"5YJXCCE23JF097652","H02180148590"
"5YJXCCE27JF097850","H02180141682"
"5YJSA7E28JF255605","H02180141992"
"5YJSA7E27JF255756","H02180148114"
"5YJXCCE28JF097663","H02180141661"
"5YJSA7E25JF256646","H02180141825"
"5YJXCCE27JF098822","H02180141523"
"5YJSA7E21JF255252","H02180142332"
"5YJXCCE28JF097842","H02180141678"
"5YJSA7E23JF255866","H02180142278"
"5YJXCCE21JF096046","H02180144002"
"5YJXCCE25JF097538","H02180141506"
"5YJXCCE21HF070119","H22170384498"
"5YJXCCE24JF094114","H22180151439"
"5YJSA7E24JF255875","H02180142282"
"5YJXCCE2XJF099060","H02180144048"
"5YJXCCE27JF098156","H02180148260"
"5YJSA7E42JF256024","H22180150459"
"5YJXCCE25JF097541","H02180141515"
"5YJXCCE23JF098395","H02180140946"
"5YJXCCE2XJF095980","H02180141639"
"5YJXCCE26JF099072","H02180148554"
"5YJXCCE20JF098273","H02180148350"
"5YJXCCE22JF094127","H22180150633"
"5YJSA7E23JF234869","H02180056415"
"5YJSA7E2XJF255511","H22180150680"
"5YJSA7E21JF255798","H02180143815"
"5YJXCCE27HF069105","H22170405956"
"5YJXCCE26JF094924","H22180151237"
"5YJSA7E29JF256035","H02180141741"
"5YJSA7E2XJF255685","H02180141975"
"5YJXCCE2XJF097728","H02180140951"
"5YJXCCE21JF097732","H02180140864"
"5YJXCCE2XJF094943","H22180151352"
"5YJXCCE47JF097557","H02180148388"
"5YJXCCE28JF098361","H02180144064"
"5YJSA7E26JF255893","H02180141966"
"5YJSA7E29JF256472","H22180152289"
"5YJSA7E24JF255326","H02180142373"
"5YJSA7E27JF255644","H02180143753"
"5YJSA7E23JF255625","H02180148075"
"5YJSA7E24JF244021","H22180078640"
"5YJSA7E28JF256625","H02180141705"
"5YJSA7E2XJF255802","H02180143787"
"5YJSA7E27JF255661","H02180141991"
"5YJSA7E2XJF255864","H02180142246"
"5YJSA7E20JF255386","H02180148169"
"5YJSA7E23JF256385","H02180142365"
"5YJXCCE26JF098634","H02180148791"
"5YJSA7E27JF256678","H02180142358"
"5YJXCCE23JF099420","H02180148336"
"5YJXCCE27JF097542","H02180141509"
"5YJSA7E24JF255603","H02180148070"
"5YJXCCE22JF098758","H22180151177"
"5YJXCCE21JF095950","H22180151386"
"5YJSA7E2XJF254147","H22180150861"
"5YJSA7E24JF255505","H22180152636"
"5YJSA7E26JF255506","H22180152631"
"5YJSA7E21JF256031","H02180141723"
"5YJXCCE20JF096894","H02180141625"
"5YJXCCE21JF099450","H02180163033"
"5YJXCCE23JF099563","H02180148682"
"5YJSA7E22JF251243","H22180152318"
"5YJSA7E41HF230864","H22180022116"
"5YJXCCE29JF095694","H02180144100"
"5YJSA7E29JF256357","H02180142405"
"5YJSA7E24JF255746","H02180143797"
"5YJXCCE20JF095115","H22180151381"
"5YJSA7E20JF255758","H02180143793"
"5YJXCCE24JF094131","H22180151269"
"5YJSA7E29JF255645","H02180148097"
"5YJXCCE25JF095661","H02180141216"
"5YJXCCE29JF098935","H02180144069"
"5YJSA7E23JF256208","H02180142098"
"5YJSA7E2XJF256013","H22180150687"
"5YJSA7E22JF251324","H22180152249"
"5YJSA7E21JF255865","H02180142270"
"5YJXCCE22JF099022","H02180162994"
"5YJXCCE26JF098214","H02180163020"
"5YJSA7E27JF254137","H22180152419"
"5YJSA7E26JF256185","H02180141714"
"5YJSA7E23JF255835","H02180143795"
"5YJXCCE22JF098274","H02180148518"
"5YJXCCE20JF099410","H02180148264"
"5YJXCCE25JF098608","H02180141404"
"5YJXCCE29JF098580","H02180141550"
"5YJSA7E23JF238369","H52180071841"
"5YJXCCE29JF097672","H02180141659"
"5YJXCCE24JF096980","H02180148253"
"5YJSA7E28JF255975","H02180148141"
"5YJXCCE24JF081637","H02180056605"
"5YJXCCE24JF099037","H02180140863"
"5YJXCCE24JF098289","H02180148685"
"5YJXCCE25JF095885","H22180151369"
"5YJXCCE29JF097638","H02180144129"
"5YJXCCE26JF095121","H22180151363"
"5YJXCCE2XJF095879","H02180141641"
"5YJSA7E21GF167486","H22160361306"
"5YJSA7E29JF255998","H02180142302"
"5YJSA7E21JF238354","H02180056450"
"5YJSA7E22JF256037","H02180141745"
"5YJSA7E2XJF255993","H02180148091"
"5YJXCCE29JF094920","H22180151242"
"5YJXCCE26JF094910","H22180151334"
"5YJSA7E21JF256160","H02180142237"
"5YJXCCE28JF098649","H22180150322"
"5YJSA7E2XJF255198","H02180143835"
"5YJSA7E23JF255785","H02180143800"
"5YJSA7E22JF255728","H02180141913"
"5YJSA7E25JF255710","H02180141988"
"5YJXCCE29JF099079","H02180162999"
"5YJXCCE2XJF099561","H02180163025"
"5YJSA7E21JF256112","H22180152281"
"5YJSA7E29JF255192","H02180142194"
"5YJSA7E24JF256153","H02180142256"
"5YJSA7E2XJF255315","H02180142000"
"5YJSA7E25JF256159","H02180142217"
"5YJSA7E25JF255349","H02180142351"
"5YJSA7S27FF099844","H02150288323"
"5YJXCCE24JF092461","H22180150581"
"5YJXCCE20JF080680","H22180048219"
"5YJXCCE26JF098004","H02180148385"
"5YJXCCE29JF104300","H02180163030"
"5YJSA7E28JF256267","H02180141846"
"5YJXCCE2XJF083652","H52180071640"
"5YJSA7E22JF253865","H02180141841"
"5YJSA7E29JF252874","H22180150789"
"5YJXCCE25JF081677","H22180048072"
"5YJSA7E28JF256379","H02180142364"
"5YJSA7E25JF255769","H02180142052"
"5YJXCCE21JF094975","H22180150410"
"5YJSA7E28JF256043","H02180143847"
"5YJSA7E25JF255447","H02180143719"
"5YJXCCE20JF096958","H02180140867"
"5YJXCCE23JF097618","H02180140916"
"5YJSA7E21JF252870","H22180150799"
"5YJSA7E21JF256157","H02180142239"
"5YJXCCE21JF094944","H22180151346"
"5YJSA7E21JF255641","H02180148072"
"5YJSA7E22JF255325","H02180141905"
"5YJSA7E22JF235737","H22180036433"
"5YJSA7E24JF255732","H02180141955"
"5YJXCCE27JF098514","H02180163068"
"5YJXCCE27JF097833","H02180163054"
"5YJXCCE26JF095989","H02180162988"
"5YJSA7E28HF226681","H22170440975"
"5YJSA7E28JF255314","H02180148164"
"5YJXCCE23JF095528","H02180163066"
"5YJSA7E28JF255166","H02180141797"
"5YJSA7E23JF241272","H22180078655"
"5YJXCCE2XJF099219","H22180150327"
"5YJSA7E21JF255882","H02180143706"
"5YJSA7E26JF252878","H22180152269"
"5YJSA7E24JF256041","H02180141751"
"5YJXCCE20JF096989","H22180150649"
"5YJXCCE29JF097008","H02180163053"
"5YJXCCE26JF097046","H02180148802"
"5YJXCCE20JF097219","H02180163022"
"5YJXCCE20JF097897","H02180163028"
"5YJXCCE25JF098401","H02180148537"
"5YJXCCE21JF098556","H02180162985"
"5YJXCCE20JF096779","H02180163036"
"5YJXCCE24JF099197","H02180144205"
"5YJSA7E25JF256551","H02180141835"
"5YJSA7E26JF251293","H22180152326"
"5YJXCCE26JF098892","H02180144136"
"5YJXCCE2XJF099012","H02180148598"
"5YJSA7E20JF241651","H22180091530"
"5YJSA7E25JF255674","H02180141983"
"5YJSA7E2XJF255699","H02180142028"
"5YJXCCE24JF098891","H02180148581"
"5YJXCCE26JF099086","H02180148525"
"5YJSA7E20JF256053","H02180143844"
"5YJXCCE26JF082367","H22180048328"
"5YJSA7E26JF241959","H52180071870"
"5YJSA7E21JF256417","H02180142409"
"5YJSA7E28JF253918","H22180152373"
"5YJSA7E26JF255957","H02180142201"
"5YJSA7E28JF255779","H02180143801"
"5YJSA7E26JF238396","H02180056507"
"5YJSA7E26JF255621","H02180148095"
"5YJSA7E21JF255364","H22180152565"
"5YJSA7E24JF255682","H02180141896"
"5YJSA7E24JF252944","H22180152209"
"5YJSA7E22JF255339","H02180143754"
"5YJSA7E27JF255787","H02180148110"
"5YJSA7E27JF255725","H02180141960"
"5YJXCCE23JF097487","H02180162992"
"5YJXCCE29JF098823","H02180163013"
"5YJXCCE20JF097642","H02180163010"
"5YJXCCE28JF098876","H02180163006"
"5YJXCCE20JF098970","H02180162995"
"5YJXCCE27JF099419","H02180163026"
"5YJSA7E2XJF256254","H02180143747"
"5YJSA7E2XJF255573","H02180163043"
"5YJSA7E20JF256098","H02180142208"
"5YJSA7E22JF242011","H02180075512"
"5YJSA7E22JF255793","H02180143790"
"5YJXCCE25JF097054","H02180163051"
"5YJSA7E20JF251323","H22180150807"
"5YJSA7E22JF256152","H02180142276"
"5YJSA7E20JF253928","H02180141795"
"5YJSA7E28FF104674","H22150337436"
"5YJSA7E22JF252859","H22180152256"
"5YJSA7E26JF256154","H02180142283"
"5YJSA7E24JF254225","H22180152614"
"5YJSA7E20JF255825","H02180142130"
"5YJSA7E24JF256167","H02180142245"
"5YJSA7E21JF256126","H02180143824"
"5YJSA7E28JF255197","H02180148138"
"5YJSA7E27JF253862","H02180142291"
"5YJXCCE2XJF096014","H22180151174"
"5YJSA7E24JF235724","H22180047795"
"5YJXCCE29JF083772","H22180078082"
"5YJXCCE23JF096601","H02180163075"
"5YJXCCE26JF097953","H02180148217"
"5YJXCCE27JF098190","H02180163018"
"5YJXCCE26JF099606","H02180162996"
"5YJXCCE25JF098642","H02180148505"
"5YJXCCE27JF097816","H02180140964"
"5YJXCCE27JF097699","H02180141671"
"5YJXCCE27JF094074","H22180151040"
"5YJSA7E20JF255792","H02180142061"
"5YJSA7E28JF255586","H02180143770"
"5YJXCCE25JF098821","H22180151172"
"5YJSA7E28JF256009","H02180141743"
"5YJXCCE29JF098904","H02180144139"
"5YJXCCE25JF098785","H02180140720"
"5YJSA7E24JF255648","H02180143773"
"5YJSA7E27JF255658","H02180141933"
"5YJXCCE24JF098017","H02180148678"
"5YJSA7E25JF255531","H02180148101"
"5YJXCCE24JF095134","H02180140945"
"5YJSA7E23JF255186","H02180142336"
"5YJSA7E29JF255869","H02180142231"
"5YJSA7E26JF256042","H02180141725"
"5YJSA7E28JF255684","H02180143776"
"5YJSA7E45JF251481","H22180150461"
"5YJSA7E26JF255425","H02180148178"
"5YJSA7E25JF256579","H02180141814"
"5YJSA7E2XJF254200","H22180152464"
"5YJSA7E26JF255750","H02180148118"
"5YJXCCE22JF098646","H02180163016"
"5YJXCCE21JF099108","H02180163056"
"5YJXCCE29JF098952","H02180163014"
"5YJXCCE27JF094432","H22180150558"
"5YJSA7E21JF252951","H02180163047"
"5YJXCCE26JF100348","H02180163076"
"5YJSA7E25JF256436","H02180143791"
"5YJSA7E22JF255664","H02180141918"
"5YJSA7E20JF255713","H22180150755"
"5YJSA7E22JF255521","H02180142420"
"5YJSA7E27JF256051","H02180141695"
"5YJSA7E28JF255443","H02180148185"
"5YJSA7E20JF255842","H02180142043"
"5YJXCCE29HF038390","H02170076718"
"5YJSA7E24JF255245","H02180141802"
"5YJXCCE2XJF083778","H22180077858"
"5YJSA7E27JF253859","H22180152359"
"5YJSA7E24JF255360","H02180142431"
"5YJSA7E23JF256225","H22180152375"
"5YJSA7E29JF249280","H22180127242"
"5YJXCCE27JF096956","H02180163063"
"5YJXCCE22JF093995","H02180163060"
"5YJXCCE26JF097208","H02180163052"
"5YJSA7E29JF252972","H22180152290"
"5YJSA7E23JF255687","H22180152145"
"5YJSA7E27JF255739","H02180148120"
"5YJXCCE28JF098389","H02180148649"
"5YJXCCE22JF097819","H02180140836"
"5YJXCCE21JF095883","H22180150430"
"5YJXCCE26JF099119","H02180148610"
"5YJSA7E23JF255754","H02180142145"
"5YJXCCE23JF097666","H02180141045"
"5YJXCCE23JF098655","H02180144106"
"5YJSA7E27JF256499","H02180143870"
"5YJXCCE2XJF095896","H02180144138"
"5YJSA7E2XJF256562","H02180142454"
"5YJSA7E21JF255333","H02180148154"
"5YJXCCE20JF094904","H02180140939"
"5YJSA7E25JF253889","H22180152435"
"5YJXCCE22JF097707","H02180140885"
"5YJXCCE24JF099605","H02180141254"
"5YJXCCE22JF099067","H02180140932"
"5YJSA7E2XHF183039","H22170075349"
"5YJXCCE22JF095908","H22180151460"
"5YJSA7E26JF255487","H22180150684"
"5YJSA7E2XJF256058","H02180148146"
"5YJSA7E22JF255762","H02180148119"
"5YJSA7E2XJF256576","H02180142380"
"5YJXCCE29JF099132","H22180151168"
"5YJSA7E23JF255642","H02180148076"
"5YJXCCE22JF098405","H02180144109"
"5YJSA7E24JF256105","H22180152588"
"5YJXCCE27JF079414","H22180036058"
"5YJXCCE2XJF098524","H02180141677"
"5YJSA7E29JF255709","H02180142031"
"5YJSA7E22JF255714","H02180141974"
"5YJSA7E28JF252865","H22180152265"
"5YJSA7E24JF255715","H02180141953"
"5YJXCCE28JF097937","H02180163064"
"5YJXCCE24JF099491","H02180163031"
"5YJXCCE20JF099049","H02180162991"
"5YJXCCE2XJF099513","H02180162986"
"5YJSA7E26JF255764","H02180148113"
"5YJXCCE23JF099062","H02180148539"
"5YJSA7E25JF255786","H02180143810"
"5YJSA7E25JF255870","H02180142275"
"5YJXCCE20JF098385","H02180163009"
"5YJSA7E29JF234861","H22180036554"
"5YJSA7E26JF255411","H22180152564"
"5YJSA7E28JF255894","H02180142450"
"5YJSA7E20JF255663","H02180141926"
"5YJSA7E28JF255796","H02180148124"
"5YJSA7E27JF256437","H02180143788"
"5YJSA7E27JF253912","H22180152502"
"5YJSA7E20JF256151","H02180148142"
"5YJSA7E29JF255628","H02180148090"
"5YJXCCE24JF096784","H02180141525"
"5YJSA7E29JF241924","H22180078591"
"5YJSA7E20JF252973","H22180150850"
"5YJSA7E25JF255822","H02180142047"
"5YJSA7E22JF255695","H02180141889"
"5YJSA7E25JF256081","H02180142472"
"5YJSA7E22HF212520","H02170272585"
"5YJXCCE28JF097081","H02180163057"
"5YJXCCE29JF099521","H02180163021"
"5YJXCCE21JF099044","H02180140875"
"5YJSA7E20JF256411","H02180141801"
"5YJSA7E24JF255696","H02180142005"
"5YJXCCE28JF097498","H22180150437"
"5YJXCCE25JF097734","H02180162987"
"5YJSA7E2XJF256660","H02180142318"
"5YJXCCE22JF098226","H02180148705"
"5YJXCCE27JF096942","H02180163074"
"5YJXCCE27JF097766","H02180140961"
"5YJXCCE22JF095875","H02180141633"
"5YJSA7E29JF255693","H02180141982"
"5YJXCCE22JF098520","H02180163012"
"5YJSA7E21JF255896","H02180142053"
"5YJSA7E26JF255859","H02180142222"
"5YJSA7E24JF256363","H22180150695"
"5YJSA7E20JF255811","H02180142075"
"5YJSA7E23JF237514","H02180056413"
"5YJSA7E27JF254199","H22180150843"
"5YJSA7E20JF256148","H02180142234"
"5YJXCCE27HF071288","H22170406040"
"5YJXCCE21JF096001","H02180141060"
"5YJXCCE24JF099118","H02180144072"
"5YJSA7E21JF255655","H02180141987"
"5YJSA7E23JF256645","H02180141839"
"5YJSA7E27JF255868","H02180142268"
"5YJXCCE48JF099611","H02180141181"
"5YJSA7E27JF255885","H02180143720"
"5YJXCCE27JF099288","H02180163002"
"5YJSA7E22JF255583","H02180141873"
"5YJSA7E26JF252850","H22180150804"
"5YJSA7E25JF255836","H02180142106"
"5YJSA7E21JF255235","H02180142200"
"5YJXCCE21JF098217","H02180148417"
"5YJXCCE25JF102091","H02180163071"
"5YJXCCE20JF099259","H02180144213"
"5YJSA7E20JF255601","H02180143767"
"5YJSA7E21JF256286","H02180142170"
"5YJXCCE24JF095957","H22180151383"
"5YJXCCE29JF095128","H02180141635"
"5YJXCCE27JF095953","H22180150427"
"5YJXCCE27JF097704","H02180141030"
"5YJXCCE27JF097492","H22180151244"
"5YJSA7E2XJF256495","H02180143867"
"5YJSA7E27JF256633","H02180143858"
"5YJSA7E29JF256343","H02180142429"
"5YJSA7E41JF256029","H22180150932"
"5YJSA7E23JF255799","H02180142131"
"5YJXCCE27JF097153","H02180163004"
"5YJSA7E28JF255734","H02180141930"
"5YJSA7E2XJF255623","H02180148099"
"5YJSA7E25JF255643","H02180148100"
"5YJSA7E25JF255593","H02180141937"
"5YJXCCE2XJF095946","H22180151371"
"5YJSA7E20JF256599","H02180141716"
"5YJSA7E2XJF232388","H02180040162"
"5YJSA7E28JF256138","H02180143821"
"5YJSA7E22JF256409","H02180142254"
"5YJSA7E22JF256605","H02180142197"
"5YJSA7E29JF255872","H02180142211"
"5YJSA7E44JF237331","H22180047725"
"5YJSA7E27JF256034","H02180141729"
"5YJSA7E26JF255912","H02180143845"
"5YJXCCE2XJF096661","H02180163072"
"5YJXCCE20JF096961","H02180148230"
"5YJXCCE26JF098651","H02180148774"
"5YJXCCE24JF097756","H02180144046"
"5YJXCCE2XJF097759","H02180140981"
"5YJSA7E23JF255611","H02180148084"
"5YJSA7E2XJF255234","H02180141763"
"5YJSA7E23JF256158","H22180152332"
"5YJSA7E23JF255656","H02180141952"
"5YJXCCE28JF098375","H02180141636"
"5YJSA7E26JF255716","H02180141907"
"5YJXCCE23JF094184","H22180151470"
"5YJSA7E26JF255697","H02180141903"
"5YJSA7E26JF256381","H02180142381"
"5YJXCCE20JF098161","H02180163061"
"5YJXCCE20JF096815","H02180163058"
"5YJXCCE24JF098390","H02180163003"
"5YJXCCE22JF097674","H02180163005"
"5YJSA7E20JF256635","H02180141722"
"5YJSA7E28JF256124","H02180142173"
"5YJSA7E28JF242241","H02180075541"
"5YJSA7E24JF256525","H02180141950"
"5YJSA7E26JF256431","H02180142080"
"5YJSA7E27JF255871","H02180142215"
"5YJSA7E2XJF255752","H02180142115"
"5YJSA7E10GF167227","H22160360966"
"5YJSA7E21JF255901","H02180148131"
"5YJSA7E27JF255837","H02180142087"
"5YJXCCE45JF099615","H02180141176"
"5YJSA7E28JF255846","H02180142223"
"5YJSA7E29JF255547","H02180141993"
"5YJSA7E21JF254201","H02180142289"
"5YJSA7E24JF254208","H02180142285"
"5YJXCCE21JF093678","H22180150526"
"5YJXCCE28JF098165","H02180148796"
"5YJXCCE29JF097493","H22180151257"
"5YJSA7E25JF256615","H02180142320"
"5YJXCCE20JF095969","H22180151394"
"5YJXCCE2XJF098944","H02180144121"
"5YJXCCE21JF098962","H02180144125"
"5YJSA7E2XJF256111","H22180152275"
"5YJSA7E24JF255665","H02180148083"
"5YJSA7E20JF255694","H02180141958"
"5YJSA7E20JF255646","H02180148071"
"5YJXCCE20JF099522","H02180163019"
"5YJSA7E22JF255650","H02180148087"
"5YJXCCE24JF095988","H02180162990"
"5YJSA7E25JF237952","H22180078371"
"5YJXCCE28JF095136","H22180150423"
"5YJSA7E28JF256575","H02180142349"
"5YJXCCE29JF098384","H22180150422"
"5YJSA7E29JF256424","H02180142096"
"5YJSA7E26JF255795","H02180142055"
"5YJSA7E2XJF255718","H02180141929"
"5YJSA7E25JF255285","H02180142205"
"5YJXCCE4XJF095706","H22180150612"
"5YJSA7E27JF256230","H22180152377"
"5YJSA7E22JF255356","H02180148201"
"5YJSA7E22JF256040","H02180141771"
"5YJSA7E21JF256045","H02180148149"
"5YJSA7E28JF255653","H02180148078"
"5YJSA7E40JF236113","H22180036662"
"5YJSA7E24JF255908","H02180142178"
"5YJSA7E29JF255662","H02180142033"
"5YJSA7E29JF256598","H22180152367"
"5YJSA7E22JF234958","H22180036566"
"5YJSA7E26JF241654","H22180091528"
"5YJSA7E28JF255751","H02180148116"
"5YJSA7E21JF256109","H22180152270"
"5YJXCCE22JF096637","H02180148817"
"5YJXCCE29JF097090","H02180163034"
"5YJXCCE29JF099485","H02180141162"
"5YJXCCE20JF098872","H02180148658"
"5YJXCCE21JF098878","H02180148641"
"5YJXCCE28JF099087","H02180140991"
"5YJSA7E20JF242315","H52180071886"
"5YJSA7E22JF256085","H02180148206"
"5YJXCCE24JF092489","H22180127382"
"5YJXCCE23JF098364","H02180144041"
"5YJSA7E20JF256165","H02180142252"
"5YJSA7E26JF251360","H22180152426"
"5YJSA7E28JF255622","H02180141923"
"5YJXCCE20JF096846","H02180163065"
"5YJXCCE29JF094996","H02180163000"
"5YJXCCE21JF095012","H02180162993"
"5YJSA7E25JF256386","H02180148163"
"5YJSA7E21JF255428","H02180143740"
"5YJSA7E2XJF255346","H02180142382"
"5YJXCCE29JF098482","H22180150323"
"5YJSA7E26JF255344","H02180142367"
"5YJSA7E26JF255666","H02180141961"
"5YJXCCE29JF099311","H22180150330"
"5YJSA7E2XJF256125","H02180143819"
"5YJSA7E23JF255334","H02180142368"
"5YJSA7E23JF256046","H02180141768"
"5YJSA7E28JF251263","H22180152399"
"5YJSA7E27JF256132","H02180148130"
"5YJSA7E22JF256622","H22180150869"
"5YJXCCE29HF070031","H22170384496"
"5YJSA7E28JF256107","H02180142151"
"5YJSA7E21JF242002","H02180075685"
"5YJSA7E2XJF253869","H02180142370"
"5YJSA7E25JF234923","H02180040120"
"5YJSA7E24JF234945","H02180040110"
"5YJSA7E2XJF255539","H02180141967"
"5YJSA7E20JF252052","H22180152431"
"5YJSA7E21JF235731","H02180040116"
"5YJSA7E26JF254274","H22180150678"
"5YJSA7E29JF234911","H02180040113"
"5YJSA7E26JF251374","H22180150889"
"5YJSA7E24JF255231","H02180142189"
"5YJSA7E26JF256171","H02180143846"
"5YJSA7E22JF237505","H02180056494"
"5YJSA7E20JF235588","H02180040112"
"5YJSA7E23JF256113","H02180142177"
"5YJSA7E26JF252024","H22180152345"
"5YJSA7E20JF255520","H22180152606"
"5YJXCCE2XJF099303","H02180148771"
"5YJXCCE23JF099109","H02180148785"
"5YJXCCE20JF097155","H02180148675"
"5YJXCCE20JF092442","H22180151059"
"5YJSA7E26JF255814","H02180148127"
"5YJXCCE22JF099280","H02180162989"
"5YJSA7E23JF255804","H02180148126"
"5YJSA7E27JF255675","H02180141912"
"5YJSA7E29JF254124","H22180152150"
"5YJSA7E27JF255563","H02180142011"
"5YJSA7E29JF255564","H02180142029"
"5YJSA7E26JF255652","H02180141888"
"5YJSA7E28JF255667","H02180142025"
"5YJSA7E23JF255706","H02180141886"
"5YJSA7E28JF255720","H02180163044"
"5YJSA7E20JF255730","H02180141949"
"5YJSA7E29JF255337","H02180141925"
"5YJSA7E21JF256529","H02180142016"
"5YJSA7E25JF251141","H02180163042"
"5YJSA7E24JF255293","H02180142363"
"5YJSA7E27JF256566","H02180142452"
"5YJSA7E22JF255227","H22180152365"
"5YJSA7E29JF238389","H02180075677"
"5YJXCCE24JF098938","H02180148623"
"5YJSA7E26JF255442","H02180143724"
"5YJSA7E29JF255340","H02180142377"
"5YJSA7E20JF242217","H52180071871"
"5YJSA7E26JF256283","H02180142179"
"5YJSA7E28JF255913","H02180141712"
"5YJXCCE28JF094231","H22180151321"
"5YJSA7E2XJF255914","H02180141734"
"5YJSA7E25JF252063","H22180152353"
"5YJXCCE23JF098980","H02180148484"
"5YJXCCE21JF098380","H22180151400"
"5YJXCCE25JF099063","H02180140934"
"5YJXCCE23JF099515","H02180148733"
"5YJXCCE20HF069107","H22170402802"
"5YJSA7E27JF255790","H02180142121"
"5YJXCCE23JF096792","H02180163069"
"5YJSA7E22JF256121","H02180142176"
"5YJSA7E21JF252853","H22180152261"
"5YJSA7E27JF255840","H02180143814"
"5YJSA7E24JF256377","H02180142361"
"5YJXCCE28JF096769","H02180141173"
"5YJSA7E26JF255604","H02180141962"
"5YJSA7E20JF256134","H02180142181"
"5YJSA7E2XJF256609","H02180141791"
"5YJSA7E27JF255773","H02180142059"
"5YJSA7E22JF256135","H02180143823"
"5YJXCCE24JF099250","H02180148477"
"5YJSA7E27JF255577","H02180142008"
"5YJSA7E29JF255483","H02180142416"
"5YJSA7E21JF238337","H02180075485"
"5YJSA7E29JF255211","H22180152381"
"5YJSA7E21JF255140","H02180142322"
"5YJXCCE2XJF092688","H22180151533"
"5YJXCCE25JF096941","H02180148351"
"5YJXCCE26JF097659","H02180141078"
"5YJSA7E26JF250399","H22180152664"
"5YJSA7E2XJF255704","H02180141939"
"5YJSA7E25JF255660","H02180142010"
"5YJSA7E24JF255889","H02180148195"
"5YJSA7E27JF256129","H02180142165"
"5YJSA7E29JF255824","H02180142072"
"5YJSA7E26JF253920","H02180141807"
"5YJSA7E24JF256458","H02180142193"
"5YJSA7E29JF256388","H22180152640"
"5YJSA7E21JF255445","H02180142421"
"5YJSA7E23JF253857","H02180142286"
"5YJSA7E24JF256119","H02180148129"
"5YJSA7E23JF253910","H02180142341"
"5YJSA7E29JF252020","H22180150836"
"5YJSA7E29JF255855","H02180142251"
"5YJSA7E23JF254197","H22180152362"
"5YJSA7E28JF256222","H22180150840"
"5YJSA7E26JF255165","H22180150915"
"5YJXCCE28JF094116","H22180151433"
"5YJXCCE21JF097763","H02180148546"
"5YJSA7E2XJF255878","H02180142271"
"5YJXCCE26JF099069","H02180140933"
"5YJSA7E26JF238365","H02180075528"
"5YJXCCE29JF099096","H02180163008"
"5YJXCCE28HF070053","H22170384497"
"5YJSA7E28JF242238","H22180078519"
"5YJSA7E25JF255397","H02180148184"
"5YJSA7E25JF255917","H02180141764"
"5YJSA7E23JF256287","H02180142166"
"5YJSA7E26JF255649","H02180148093"
"5YJSA7E24JF256556","H22180152374"
"5YJSA7E22JF236855","H02180056489"
"5YJSA7E12HF212525","H52170212493"
"5YJSA7E21JF256496","H02180142290"
"5YJSA7E29JF234956","H22180036570"
"5YJSA7E21JF234983","H02180056421"
"5YJSA7E21JF255526","H02180142434"
"5YJSA7E21JF256658","H02180142326"
"5YJSA7E23JF256435","H02180142103"
"5YJSA7E24JF255343","H02180142339"
"5YJSA7E25JF256114","H02180142167"
"5YJSA7E24JF235691","H22180047847"
"5YJSA7E22JF253879","H22180150849"
"5YJSA7E21JF255719","H02180143755"
"5YJXCCE26JF098357","H02180141155"
"5YJXCCE28JF095038","H22180150471"
"5YJXCCE20JF096944","H02180163059"
"5YJSA7E26JF255554","H02180141906"
"5YJSA7E22JF251386","H22180152429"
"5YJSA7E25JF235702","H22180036439"
"5YJSA7E2XJF256108","H22180152280"
"5YJSA7E23JF251199","H22180127307"
"5YJSA7E23JF256371","H02180142474"
"5YJSA7E25JF256128","H02180142162"
"5YJSA7E28JF256110","H22180152274"
"5YJSA7E22JF252957","H22180152356"
"5YJSA7E22JF255213","H22180150844"
"5YJSA7E28HF200582","H22170221902"
"5YJSA7E29JF234858","H22180047828"
"5YJSA7E29JF255161","H22180150918"
"5YJSA7E24JF242947","H22180091531"
"5YJSA7E20JF253895","H22180150845"
"5YJSA7E2XJF252043","H22180152296"
"5YJSA7E17HF222032","H22170395226"
"5YJSA7E22JF234877","H22180036565"
"5YJSA7E21JF240444","H22180078630"
"5YJSA7E29JF255550","H02180141972"
"5YJSA7E20JF255212","H22180152372"
"5YJSA7E28JF254194","H22180152380"
"5YJXCCE20HF063016","H02170272400"
"5YJXCCE2XJF097826","H02180141106"
"5YJSA7E23JF256015","H22180150690"


"Delivery Report"
"Copyright (c) 2000-2018 salesforce.com, inc. All rights reserved."
"Confidential Information - Do Not Distribute"
"Generated By:  Rocy Liu  03/08/2018 11:08"
"Tesla Motors"
